{
  "project_info": {
    "project_number": "135556365050",
    "project_id": "teammanagementtool-a6a08",
    "storage_bucket": "teammanagementtool-a6a08.firebasestorage.app"
  },
  "client": [
    {
      "client_info": {
        "mobilesdk_app_id": "1:135556365050:android:dabd4dd02c0369bc01e743",
        "android_client_info": {
          "package_name": "com.teamtool.app"
        }
      },
      "oauth_client": [],
      "api_key": [
        {
          "current_key": "AIzaSyDbbJRqsODO9odFf7vmHb5NZJXB-Z0e1bk"
        }
      ],
      "services": {
        "appinvite_service": {
          "other_platform_oauth_client": []
        }
      }
    }
  ],
  "configuration_version": "1"
}